app,1144200,Ready or Not
app,2524890,Pixel Gun 3D: PC Edition
app,976730,Halo: The Master Chief Collection
app,1517290,Battlefield™ 2042
app,2429860,Living With Sister: Monochrome Fantasy
app,550,Left 4 Dead 2
app,1627720,Lies of P
app,284160,BeamNG.drive
app,1868140,DAVE THE DIVER
app,1351240,Taxi Life: A City Driving Simulator
app,648800,Raft
app,1876890,Wandering Sword
app,255710,Cities: Skylines
app,281990,Stellaris
app,1940340,Darkest Dungeon® II
app,1458140,Pacific Drive
app,1943950,Escape the Backrooms
app,1604030,V Rising
app,2208920,Assassin's Creed Valhalla
app,1158310,Crusader Kings III
app,1850570,DEATH STRANDING DIRECTOR'S CUT
app,489830,The Elder Scrolls V: Skyrim Special Edition
app,552990,World of Warships
app,1336980,NOBUNAGA'S AMBITION: Awakening
app,632360,Risk of Rain 2
app,289650,Assassin's Creed® Unity
app,1805480,Like a Dragon: Ishin!
app,1201540,HELLCARD
app,1883800,The Magical Mixture Mill
app,552100,Brick Rigs
app,2686650,Call of Duty®: Modern Warfare® III - Tech Luxe Pro Pack
app,501300,What Remains of Edith Finch
app,345800,Darkest Dungeon Soundtrack
app,2019810,Elder Scrolls Summer Bundle
app,1272320,Diplomacy is Not an Option
app,335300,DARK SOULS™ II: Scholar of the First Sin
app,508440,Totally Accurate Battle Simulator
app,1658290,Eiyuden Chronicle: Rising
app,1664200,Duelists of Eden
app,1641700,Moving Out 2
app,1574360,Uncharted Waters Origin
app,620,Portal 2
app,1328990,Godsworn
app,1392840,RimWorld - Ideology
app,2276930,Chillquarium
app,881100,Noita
app,2695270,Miss Neko: Pirates
app,349040,NARUTO SHIPPUDEN: Ultimate Ninja STORM 4
app,1235743,The Sims™ 4 Vampires
app,597180,Old World
app,203770,Slime Rancher Rainbow Bundle
app,2015880,Crusader Kings II
app,2104920,Cult of the Lamb: Cultist Pack
app,605230,GeneRally 2
app,638990,Grey Hack
app,2281730,UNDYING
app,1424800,Combat Master: Season 1
app,342200,Uncharted Waters IV HD Version
app,1935900,MechWarrior Online™ Legends
app,916840,Root: Exiles &amp; Partisans &amp; Vagabonds
app,600480,The Walking Dead: Saints &amp; Sinners
app,1523650,Stellaris: Ultimate Bundle
app,1013870,Megaquarium
app,731040,Stargate: Timekeepers
app,1189290,Leanna's Slice of Life
app,2334534,The Invincible
app,1465070,The Black Grimoire: Cursebreaker
app,2757170,Persona 3 Reload - Persona 4 Golden Persona Set
app,1252330,Legendary Tales
app,629820,Dragon's Dogma 2: 2500 Rift Crystals - Points to Spend Beyond the Rift (A)
app,1135280,DEATHLOOP
app,2583910,Maneater
app,610370,Dead by Daylight - Stranger Things Chapter
app,70,Marvelous Hackers
app,1967510,Telltale Batman Shadows Edition
app,307780,Half-Life
app,1731070,Railbound
app,1203630,Mortal Kombat X
app,2137470,Asterigos: Curse of the Stars
app,978460,Record of Lodoss War-Deedlit in Wonder Labyrinth-
app,2131650,Regency Solitaire II
app,1315210,Emily is Away &lt;3
app,47893,METAL GEAR SOLID 3: Snake Eater - Master Collection Version
app,10500,Ikai
app,109600,The Sims™ 3 Ambitions
app,790820,Total War: EMPIRE – Definitive Edition
app,251060,Neverwinter
app,1392820,Valkyria Chronicles 4 Complete Edition
app,863500,Wargame: Red Dragon
app,2095300,Milk inside a bag of milk inside a bag of milk
app,2591380,All Quiet in the Trenches
app,1136370,Breakout 13
app,330020,Irotoridori No Sekai HD - The Colorful World
app,47780,Bear and Breakfast
app,471710,Children of Morta
app,2088160,Dead Space™ 2
app,333600,NEKOPARA Vol. 1
app,2365810,Pseudoregalia
app,1573100,Subterrain: Mines of Titan
app,1239080,Door Kickers 2: Task Force North
app,1702330,Rune Factory 5
app,2183650,MEGA MAN X DiVE Offline
app,1042550,Digimon Story Cyber Sleuth: Complete Edition
app,1599660,Sackboy™: A Big Adventure
app,1211020,Wobbly Life
app,2008610,Guild Wars 2: End of Dragons™ Expansion
app,2492320,DAVE THE DIVER Digital Extra
app,492720,Tropico 6
app,694280,Zombie Army 4: Dead War
app,1518220,Spells &amp; Secrets
app,2349140,KONOSUBA - God's Blessing on this Wonderful World! Love For These Clothes Of Desire!
app,919640,Steel Division 2
app,2088340,Bratz™: Flaunt your fashion
app,1879330,WARRIORS OROCHI 3 Ultimate Definitive Edition
app,1357210,Galactic Civilizations IV
app,505460,Foxhole
app,2555420,Age of Empires II: Definitive Edition - The Mountain Royals
app,1235732,The Sims™ 4 Get Together
app,954740,Terminator: Resistance
app,1985820,Call of Duty®: Vanguard
app,1340480,The Cosmic Wheel Sisterhood
app,1237320,Sonic Frontiers
app,1325860,VTube Studio
app,704270,Generation Zero®
app,322110,20XX
app,2455060,Taboo Trial
app,311730,Vampire Survivors: Tides of the Foscari
app,1235741,The Sims™ 4 Outdoor Retreat
app,977610,Danganronpa 2: Goodbye Despair
app,413420,Going Medieval
app,1465750,Danganronpa 2: Goodbye Despair
app,1031140,Euro Truck Simulator 2 Cargo Bundle
app,2789810,Warhammer The Horus Heresy: Legions
app,1410710,Bingle Bingle
app,666140,Democracy 4
app,313120,FINAL FANTASY XV EPISODE ARDYN
app,794260,Stranded Deep
app,3390,Outward Definitive Edition
app,2230760,The Battle of Polytopia - Deluxe Upgrade
app,1477590,Feeding Frenzy 2 Deluxe
app,2274530,Vampire Survivors: Legacy of the Moonspell
app,2401830,EZ2ON REBOOT : R
app,1547890,GOMA AYAKAZE
app,2298430,Age of Wonders 4: Empires &amp; Ashes
app,1372280,MELTY BLOOD: TYPE LUMINA
app,973230,We Who Are About To Die
app,1281630,Sweet Memories Bundle
app,330830,Anno 1404 - History Edition
app,1644940,Tales from the Borderlands
app,2781370,Loddlenaut
app,806900,EXIT KUN
app,853360,Them Bombs
app,1995890,Total War: THREE KINGDOMS - Yellow Turban Rebellion
app,375910,Aerofly FS 4 Flight Simulator
app,2687970,Anno 2205™
app,1094520,TRIBES 3: Rivals
app,1113120,Sands of Salzaar
app,208200,IXION
app,2195430,DOOM 3
app,648350,Two Point Campus: Medical School
app,758870,Jurassic World Evolution
app,2237970,Kynseed
app,2330870,Outpath
app,228280,CD 2: Trap Master
app,785300,Baldur's Gate: Enhanced Edition
app,826630,XCOM 2: War of the Chosen - Tactical Legacy Pack
app,414340,Iron Harvest
app,1496590,Hellblade: Senua's Sacrifice
app,939960,Far Cry® New Dawn
app,715191,Escape Simulator - Collector's Edition
sub,11762,Escape Simulator - Collector's Edition
app,1179080,Sniper Ghost Warrior Gold Edition
app,2128270,FAITH: The Unholy Trinity
app,2427740,Path of Achra
app,2291020,Cities: Skylines II - Beach Properties
app,512034,ANONYMOUS;CODE
app,1116540,Sid Meier's Civilization® VI: Australia Civilization &amp; Scenario Pack
app,2351560,DAVIGO: VR vs. PC
app,541570,Apocalypse Party
app,1137300,Sally Face - Episode One
app,537800,Sherlock Holmes Chapter One
app,1356810,Bomber Crew
app,2319640,Hexarchy
app,2449171,Rise of Gun
app,47930,ONE PIECE: PIRATE WARRIORS 4 Legend Dawn Pack
app,1758560,The Sims™ 3 Pets
app,872280,EZ2ON REBOOT : R - TIME TRAVELER
app,845890,Borderlands 2: Commander Lilith &amp; the Fight for Sanctuary
app,950740,Moonbreaker
app,460950,China: Mao's legacy
app,1714040,Katana ZERO
app,695920,Super Auto Pets
app,2229850,Cyberpunk 2077: Ultimate Edition
app,686810,Command &amp; Conquer Red Alert™ 2 and Yuri’s Revenge™
app,359320,Hell Let Loose
app,1527950,Elite Dangerous
app,365360,Wartales
app,838380,Battle Brothers
app,315210,DEAD OR ALIVE 6
app,2277320,Suicide Squad: Kill the Justice League
app,2882060,Necrosmith 2
app,2732960,Darkest Dungeon: The Iron Crown
app,2313330,Warframe: Dante Chronicles Pack
app,2229870,Command &amp; Conquer™ Generals Zero Hour
app,2229880,TerraTech Worlds
app,1726130,Command &amp; Conquer™ Generals
app,24790,Command &amp; Conquer™ Tiberian Sun™ and Firestorm™
app,883710,Pathless Woods
app,435150,Command &amp; Conquer 3 Tiberium Wars™
app,1237970,Resident Evil 2
app,524220,Divinity: Original Sin 2 - Definitive Edition
app,1222680,Titanfall® 2
app,2229840,NieR:Automata™
app,2229830,Need for Speed™ Heat
app,2229890,"Command &amp; Conquer Red Alert™, Counterstrike™ and The Aftermath™"
app,1850160,Poly Bridge 3
app,2111850,Gunfire Reborn - Visitors of Spirit Realm
app,304214,Euro Truck Simulator 2 - High Power Cargo Pack
app,1550010,The Witch of Fern Island
app,538680,The Legend of Heroes: Trails of Cold Steel
app,673950,Farm Together
app,992174,DRAGON BALL FighterZ - Gogeta (SSGSS)
app,301910,Saints Row: Gat out of Hell
app,362620,Software Inc.
app,2726450,Windowkill
app,770810,"Good Pizza, Great Pizza - Cooking Simulator Game"
app,2614650,World War Z: Aftermath - Valley of the Zeke Episode
app,319630,Life is Strange - Episode 1
app,1324780,Easy Red 2
app,858210,Nova Drift
app,2064810,CityDriver
app,297000,Heroes® of Might &amp; Magic® III - HD Edition
app,2651720,SCUM Vehicle Skins Pack
app,1172650,INDUSTRIA
app,463530,Empires of the Undergrowth
app,1993180,Quilts and Cats of Calico
app,1205970,MX vs ATV Legends
app,2587430,Old World - Wonders and Dynasties
app,1859270,Perfect Partner
app,34030,Total War: NAPOLEON – Definitive Edition
app,1776780,The Sims™ 4 Werewolves Game Pack
app,1656780,Hero's Hour
app,2771140,BlazBlue Entropy Effect - Soundtrack A
app,1456180,MechWarrior 5: Mercenaries - Heroes of the Inner Sphere
app,1869820,Age of Empires II: Definitive Edition - Dynasties of India
app,2539350,Myths of Rules
app,1155970,Roadwarden
app,873871,Sudden Strike 4 - The Pacific War
app,375820,Human Resource Machine
app,1876880,Primitive Society Simulator
app,1088000,Mutant Year Zero: Seed of Evil
app,485510,Nioh: Complete Edition
app,1176470,Terra Invicta
app,2489020,MechWarrior 5: Mercenaries - The Dragon's Gambit
app,617870,Total War: WARHAMMER II - Rise of the Tomb Kings
app,1471410,SYNTHETIK 2
app,1912750,Terra Memoria
app,673610,Airport CEO
app,1963210,VALKYRIE ELYSIUM
app,2094910,Pile Up!
app,1520620,VTube Studio - Remove Watermark
app,228380,Wreckfest
app,1121640,Necesse
app,567630,The Wandering Village
app,1065310,The Elder Scrolls Online: Gold Road
app,393080,Call of Duty®: Modern Warfare® Remastered (2017)
app,221040,Resident Evil 6
app,406350,KartKraft™
app,2502910,Immersion Pack - Europa Universalis IV: King of Kings
app,719040,Wasteland 3
app,2392613,Metal: Hellsinger - Essential Hits Pack
app,1239020,TOGETHER BnB
app,2430400,Gunfire Reborn - Artisan and Magician
app,658620,Wonderful Everyday Down the Rabbit-Hole
app,386180,Crossout
app,611670,The Elder Scrolls V: Skyrim VR
app,1450250,Distant Bloom
app,1951410,WE ARE FOOTBALL 2024
app,629520,Soundpad
app,1730700,We Love Katamari REROLL+ Royal Reverie
app,555160,Pavlov VR
app,885970,Total War: ROME REMASTERED
app,2094810,Crypt of the NecroDancer: SYNCHRONY
app,1031500,SUPER ROBOT WARS V
app,1072420,DRAGON QUEST BUILDERS™ 2
app,1189490,觅长生
app,39140,Boxes: Lost Fragments
app,2199210,FINAL FANTASY VII
app,898750,Planet Zoo: Grasslands Animal Pack
app,1632490,Super Robot Wars 30
app,1471590,Chrono Ark
app,20920,Planet Zoo: Aquatic Pack
app,831560,The Witcher 2: Assassins of Kings Enhanced Edition
app,1475810,WARRIORS OROCHI 4
app,1970580,Ghostwire: Tokyo
app,1213210,Backpack Hero
app,710920,Command &amp; Conquer™ Remastered Collection
app,304050,Darksiders Genesis
app,373930,Trove
app,1284470,Sudden Strike 4
app,1501750,Sid Meier's Civilization® VI: Byzantium &amp; Gaul Pack
app,1436950,Lords of the Fallen
app,1924360,Sid Meier's Civilization® VI: Vietnam &amp; Kublai Khan Pack
app,1253990,Lil' Guardsman
app,466560,Sid Meier's Civilization® VI: Maya &amp; Gran Colombia Pack
app,2183570,Northgard
app,1498570,THE KING OF FIGHTERS XV
app,588430,Fallout Shelter
app,1608070,CRISIS CORE –FINAL FANTASY VII– REUNION
app,208650,Batman™: Arkham Knight
app,1669000,Age of Wonders 4
app,1759380,Bandle Tale: A League of Legends Story
app,236850,Europa Universalis IV
app,1794680,Vampire Survivors
app,568220,Lobotomy Corporation | Monster Management Simulation
app,588650,Dead Cells
app,2231380,Tom Clancy's Ghost Recon® Breakpoint
app,1337860,Assetto Corsa Competizione - GT4 Pack
app,110800,L.A. Noire
app,690790,DiRT Rally 2.0
app,17480,Command &amp; Conquer™ Red Alert™ 3
app,493490,City Car Driving
app,341800,Keep Talking and Nobody Explodes
app,1367080,MOBILE SUIT GUNDAM BATTLE OPERATION 2
app,2807090,Dune: Spice Wars - House Vernius of Ix
app,1190000,Car Mechanic Simulator 2021
app,2555190,Poppy Playtime - Chapter 3
app,1942280,Brotato
app,2221490,Tom Clancy’s The Division® 2
app,2000950,Call of Duty®: Modern Warfare®
sub,124923,The Witcher 3: Wild Hunt - Complete Edition
app,236110,Dungeon Defenders II
app,1448440,Wo Long: Fallen Dynasty
app,392160,Call of Duty®: Modern Warfare® III - Nova 6 Pro Pack
app,1150440,X4: Foundations
app,240,Planet Zoo: Africa Pack
app,1919590,Batman: The Enemy Within - The Telltale Series
app,675260,Counter-Strike: Source
app,1669980,Aliens: Dark Descent
app,2492640,Jurassic World Evolution 2: Prehistoric Marine Species Pack
app,8500,DOOM
app,1850510,Elite Driver Bundle
app,1335790,Volcano Princess
app,1235733,Operation: Tango
app,211500,The Sims™ 4 Seasons
app,467980,Assetto corsa - Japanese Pack
app,498240,Assetto corsa - Japanese Pack
app,379430,Batman - The Telltale Series
app,227310,Euro Truck Simulator 2 - Going East!
app,1521970,Euro Truck Simulator 2 - Going East!
app,1755910,Goblin Stone
app,1458150,Capcom Arcade 2nd Stadium
app,1515950,The Sims™ 4 Cottage Living Expansion Pack
app,10,Capcom Arcade Stadium
app,1817230,Counter-Strike
app,2101430,Hi-Fi RUSH
app,1404850,Dead Cells: Return to Castlevania
app,1680880,Forspoken
app,1276760,DRAGON BALL: THE BREAKERS
app,1566390,Seed of the Dead: Sweet Home
app,2449170,ONE PIECE: PIRATE WARRIORS 4 One Piece Film: Red Pack
app,2504720,Space Engineers - Decorative Pack #3
app,2069040,Unboxing the Cryptic Killer
app,1202200,Paleo Pines
app,2230980,Caribbean Legend
app,1458151,The Sims™ 4 Dream Home Decorator Game Pack
app,1204130,Dead Cells: The Bad Seed
app,1281880,Need for Speed™ Heat - McLaren F1 Black Market Delivery
app,2100160,MotoGP™23
app,1166290,Death and Taxes
app,1552080,Deepest Chamber: Resurrection
app,448510,Overcooked
app,986130,Shadows of Doubt
app,1005300,The Jackbox Party Pack 6
app,1850960,The Jackbox Party Pack 9
app,2200780,My Dream Setup
app,983970,Haven
app,1147100,Conan Exiles - Debaucheries of Derketo Pack
app,2216830,The Jackbox Party Pack 10
app,2512790,Prison Architect
app,17390,SPORE™
app,1265920,Life is Strange Remastered
app,1303182,Crusader Kings III: Royal Court
app,2201710,Three Kingdoms Zhao Yun
app,2005010,"Warhammer 40,000: Boltgun"
app,517630,Just Cause 4 Reloaded
app,2439510,Doomsday: Last Survivors
app,401920,The Binding of Isaac: Afterbirth
app,2689210,Persona 3 Reload: Expansion Pass
app,1977170,Jusant
app,2492430,火焰征程
app,621060,PC Building Simulator
app,1705180,"Gunner, HEAT, PC!"
app,1549970,Aliens: Fireteam Elite
app,702050,The Song of Saya
app,1147690,NGU IDLE
app,1088790,Rebel Inc: Escalation
app,1415692,American Truck Simulator - Wyoming
app,1818280,KallaX
app,214490,Alien: Isolation
app,669330,Mechabellum
app,1161580,Hardspace: Shipbreaker
app,1522090,Stellaris: Nemesis
app,1060220,Langrisser I &amp; II
app,1927070,WorkPlaceRhapsody-Beach
app,2215260,Scott Pilgrim vs. The World™: The Game – Complete Edition
app,777390,Flyout
app,714120,Little Misfortune
app,606880,GreedFall
app,1896700,Wylde Flowers
app,1462460,Root - The Clockwork Expansion
app,1342330,Mad Games Tycoon 2
app,550650,Black Squad
app,397460,The Jackbox Party Pack 2
app,2139130,Wildermyth - Armors and Skins
app,414700,Blasphemous + Blasphemous 2 Bundle
app,784930,Outlast 2
app,716580,The Escapists 2 - Wicked Ward
app,589290,Holdfast: Nations At War
app,2700180,Sim City 3000™ Unlimited
app,2790950,Touhou Danmaku Kagura Phantasia Lost - Extra Song Pack 2
app,1668510,The Legend of Heroes: Trails from Zero
app,2380280,Let's Build a Zoo: Aquarium Odyssey
app,424030,War of Rights
app,2106800,Jurassic World Evolution 2: Late Cretaceous Pack
app,678800,SAS: Zombie Assault 4
app,2480560,Geneforge 2 - Infestation
app,200710,Torchlight II
app,2399220,NUKITASHI
app,2685620,反转21克
app,505540,Rise of the Tomb Raider 20 Year Celebration Pack
app,1235746,The Sims™ 4 Realm of Magic
app,2056210,LONESTAR
app,704850,Thief Simulator
app,2004080,Furnish Master
app,799600,Cosmoteer: Starship Architect &amp; Commander
app,1591530,SAMURAI WARRIORS 5
app,47810,Dragon Age: Origins - Ultimate Edition
app,1017900,Age of Empires: Definitive Edition
app,1059990,Trombone Champ
app,1722840,Everdell
app,690830,Foundation
app,1343670,Dealer's Life 2
app,1622770,Doors: Paradox
app,285920,TerraTech
app,1942100,Escape Simulator: Steampunk DLC
app,751440,VR Kanojo / VRカノジョ
app,610180,The Jackbox Party Pack 4
app,2473420,Football Manager 2024 In-game Editor
app,219990,Grim Dawn
app,1827180,Toram Online
app,2423300,迷宮校舎 | School Labyrinth
app,815370,Green Hell
app,992300,嗜血印 Bloody Spell
app,2290180,Riders Republic
app,1369630,ENDER LILIES: Quietus of the Knights
app,2187220,Apollo Justice: Ace Attorney Trilogy
app,2622000,Astral Party 
app,2440510,Forza Motorsport
app,1084160,Jagged Alliance 3
app,1180320, War of the Three Kingdoms
app,477160,Human Fall Flat
app,2291670,Deep Rock Galactic - Supporter II Upgrade
app,2177430,Jurassic World Evolution 2: Dominion Malta Expansion
app,629730,Blade and Sorcery
app,1548850,Six Days in Fallujah
app,1468720,Ultimate Epic Battle Simulator 2
app,1150690,OMORI
app,666860,Bit Heroes Quest
app,1493170,Assetto Corsa Competizione - British GT Pack
app,529340,Victoria 3
app,2774830,Seven Lovers In The House
app,203160,Tomb Raider
app,1144400,Senren＊Banka
app,668580,Atomic Heart
app,1537830,Disney Speedstorm
app,997010,Police Simulator: Patrol Officers
app,2626940,Life Makeover
app,453480,Shadowverse CCG
app,2352340,Suzerain: Kingdom of Rizia
app,646570,Slay the Spire
app,1746030,Murders on the Yangtze River
app,538030,Xenonauts 2
app,1310410,Alone in the Dark
app,1948980,Hero's Adventure: Road to Passion
app,1105510,Yakuza 5 Remastered
app,2248760,Car For Sale Simulator 2023
app,1607680,Bread &amp; Fred
app,1211630,The Jackbox Party Pack 7
app,1684350,The Thaumaturge
app,391540,Undertale
app,735730,Darkest Dungeon®: The Color Of Madness
app,215100,Minecraft Dungeons
app,1676840,For The King II
app,2605780,Three Kingdoms: Battle of Generals
app,364360,Total War: WARHAMMER
app,1139980,Travellers Rest
app,1382330,Persona® 5 Strikers
app,540711,Barony
app,2515070,AQUARIUM
app,2253310,Aimlabs+ Premium Membership
app,1262350,SIGNALIS
app,1295500,"Warhammer 40,000: Battlesector"
app,619680,Assetto Corsa - Ready To Race Pack
app,578650,The Outer Worlds
app,1167630,Overcooked! 2  - Gourmet Edition
app,2071500,Teardown
app,1368820,Islands of Insight
app,516750,RollerCoaster Tycoon® 3: Complete Edition
app,2708450,My Summer Car
app,834530,Oh Deer
app,2085370,Yakuza Kiwami
app,1592190,Classified: France '44
app,2163330,BONELAB
app,1931770,Yet Another Zombie Survivors
app,860510,Chants of Sennaar
app,1235731,The Sims™ 4 City Living
app,240720,Getting Over It with Bennett Foddy
app,587260,Tokyo Xanadu eX+
app,1372320,Serene City-Builder Bundle
app,1530300,Cloud Gardens
app,444090,Paladins®
app,1149460,Paladins®
app,1454400,ICARUS
app,1583230,Shadow of the Tomb Raider: Definitive Edition
app,2676840,Cookie Clicker
app,1138190,High On Life
app,2731850,No Case Should Remain Unsolved
app,2782200,Poker Championship
app,1647620,Planet Zoo: Africa Pack
app,1658280,Eiyuden Chronicle: Hundred Heroes
app,232090,Killing Floor 2
app,2450010,Guild Wars 2: Secrets of the Obscure™ Expansion
app,1097580,CUSTOM ORDER MAID 3D2 It's a Night Magic
app,2386360,Metal: Hellsinger - Purgatory
app,864700,Dinosaur Fossil Hunter
app,10180,Call of Duty®: Modern Warfare® 2 (2009)
app,1824060,Total War: WARHAMMER III - Champions of Chaos
app,1051310,Paper Dolls: Original / 纸人
app,1356670,Sakuna: Of Rice and Ruin
app,1105420,Game of Thrones Winter is Coming
app,1056760,Warfront Fusion
app,10130,Euro Truck Simulator 2 - Road to the Black Sea
app,1296610,TimeShift™
app,2141580,Peglin
app,1436700,Age of Empires II: Definitive Edition - Return of Rome
app,2126010,Trine 5: A Clockwork Conspiracy
app,413410,Soul Guardians
app,310950,Danganronpa: Trigger Happy Havoc
app,558245,Euro Truck Simulator 2 - Special Transport
app,1946070,Euro Truck Simulator 2 - Special Transport
app,293760,Ten Dates
app,1063660,Automation - The Car Company Tycoon Game
app,1804840,Bendy and the Dark Revival
app,1735700,Back to the Dawn
app,2661250,Dead by Daylight - Alan Wake Chapter
app,553420,TUNIC
app,307960,IL-2 Sturmovik: Battle of Stalingrad
app,1159290,Monster Hunter Rise - ”Lost Code” Hunter layered weapon pack
app,1999170,The Bloodline
app,1000030,Insect Swarm
app,1574870,"Cook, Serve, Delicious! 3?!"
app,2409360,USC: Counterforce
app,1140150,Pixel Cafe
app,1715280,Touhou: Lost Branch of Legend
app,464920,AirportSim
app,2456120,Surviving Mars
app,1097840,Claw Machine Sim
app,55150,Gears 5
app,1150640,Yu-Gi-Oh! Legacy of the Duelist : Link Evolution
app,2727400,The Sims™ 4 Crystal Creations Stuff Pack
app,953490,CARRION
app,2379390,Tom Clancy’s Rainbow Six® Extraction
app,2894080,The Texas Chain Saw Massacre - Virginia
app,1669720,Tribes of Midgard - Pre-Order Content
app,1367550,Kingdom Rush Vengeance - Tower Defense
app,2190290,To Be or Not to Be
app,1148760,I Was a Teenage Exocolonist
app,1557210,Age of Empires II: Definitive Edition - Dawn of the Dukes
app,1621310,Atelier Sophie 2: The Alchemist of the Mysterious Dream
app,1817361,Age of Empires III: Definitive Edition - Knights of the Mediterranean
app,952860,河洛群俠傳 (Ho Tu Lo Shu ： The Books of Dragon)
app,2510770,Stella of The End
app,47898,The Sims&trade; 3 Generations
app,420530,OneShot
app,1069660,Ultimate Admiral: Dreadnoughts
app,2518960,Wizardry: Proving Grounds of the Mad Overlord
app,1127400,Mindustry
app,597170,Clone Drone in the Danger Zone
app,1250650,AI＊Shoujo/AI＊少女
app,383180,Dead Island: Riptide Definitive Edition
app,7940,Call of Duty® 4: Modern Warfare® (2007)
app,1509510,Settlement Survival
app,1983900,V Rising - Dracula's Relics Pack
app,1747760,Momodora: Moonlit Farewell
app,835670,Total War: WARHAMMER II - Curse of the Vampire Coast
app,601840,Griftlands
app,1958640,Crusader Kings III: Collection
app,1940200,Space Engineers - Automatons
app,2656010,Chill Town
app,250320,Dead by Daylight - Chucky Chapter
app,2732490,The Wolf Among Us
app,1963040,The Lost Village
app,1839950,Terminator: Dark Fate - Defiance
app,2153350,Tomb Raider Definitive Survivor Trilogy
app,1062810,Brothers: A Tale of Two Sons Remake
app,404430,Inkbound
app,2103140,Assetto Corsa - Dream Pack 2
app,700600,Magicraft
app,675590,Evil Genius 2: World Domination
app,1987080,Assetto Corsa - Ferrari 70th Anniversary Pack
app,2326590,Inside the Backrooms
app,628070,Kakuriyo Village ~Moratorium of Adolescence~
app,925580,Euro Truck Simulator 2 - Beyond the Baltic Sea
app,49520,Euro Truck Simulator 2 - Beyond the Baltic Sea
app,1196590,Borderlands 2
app,305620,Resident Evil Village
app,493190,The Long Dark
app,702540,Palworld - Game + Soundtrack Bundle
app,1942660,Assetto Corsa - Red Pack
app,1113560,Darkest Dungeon®: The Shieldbreaker
app,1689500,WWE 2K23
app,2502240,NieR Replicant™ ver.1.22474487139...
app,2144740,Dune: Imperium
app,423630,Planet Zoo: Oceania Pack
app,33230,Assassin's Creed 2
app,1969870,Battle Teams 2
app,1677350,Black Reliquary Bundle
app,292120,EA SPORTS™ PGA TOUR™
app,1135230,FINAL FANTASY® XIII
app,1687670,Ember Knights
app,298110,LAST CLOUDIA
app,1641960,Far Cry® 4
app,2432430,Symphony of War: The Nephilim Saga - Legends
app,1957780,Symphony of War: The Nephilim Saga - Legends
app,1291340,Ghosts of Tabor
app,1385380,Townscaper
app,1439750,Across the Obelisk
app,445980,9-Bit Armies: A Bit Too Far
app,899440,Wizard of Legend
app,329110,GOD EATER 3
app,617830,Gems of War - Puzzle RPG
app,1013320,SUPERHOT VR
app,2231450,Firestone: Online Idle RPG
app,1349400,Planet Zoo: Australia Pack
app,261570,Planet Zoo: Australia Pack
app,2446550,Ori and the Blind Forest
app,19680,STAR WARS™: Battlefront Classic Collection
app,313690,Alice: Madness Returns
app,264710,Subnautica
app,2108330,F1® 23
app,858820,Tribes of Midgard
app,548430,Deep Rock Galactic
app,1142710,Total War: WARHAMMER III
app,1313140,Cult of the Lamb
app,440900,Conan Exiles
app,304390,FOR HONOR™
app,2186680,"Warhammer 40,000: Rogue Trader"
app,870780,Control Ultimate Edition
app,1286830,STAR WARS™: The Old Republic™
app,322330,Don't Starve Together
app,1229240,Chained Echoes
app,1895880,Ratchet &amp; Clank: Rift Apart
app,750920,Shadow of the Tomb Raider: Definitive Edition
app,460930,Tom Clancy's Ghost Recon® Wildlands
app,2322560,Love Is All Around
app,1268590,Millennia
app,850190,Goat Simulator 3
app,2725260,ENDER MAGNOLIA: Bloom in the Mist
app,1273400,Construction Simulator
app,2674290,kings call
app,2287220,F1® Manager 2023
app,761890,Albion Online
app,2897810,THE FINALS - Bank Rabbit Set
app,1588530,Dungeon Alchemist
app,1113410,ARK: Genesis Season Pass
app,1408610,Call of the Wild: The Angler™
app,2091330,The Long Dark: Tales from the Far Territory
app,2084000,Shogun Showdown
app,1307710,GRID Legends
app,809140,Cliff Empire
app,300380,Road Redemption
app,2109370,The Great War: Western Front™
app,482400,System Shock
app,1485080,Just Act Natural
app,1546400,GigaBash
app,2253060,HOT WHEELS UNLEASHED™
app,2534810,Call of Duty®: Modern Warfare® II - Pumpkin Patch: Pro Pack
app,4500,S.T.A.L.K.E.R.: Shadow of Chernobyl
app,2092850,Krzyżacy - The Knights of the Cross
app,1220140,Cartel Tycoon
app,859570,Secret Neighbor: Hello Neighbor Multiplayer
app,2771130,BlazBlue Entropy Effect - Launch Exclusive Content
app,2815510,Enshrouded Original Soundtrack
app,1089980,The Henry Stickmin Collection
app,2181720,Scarlet Tower
app,1173810,FINAL FANTASY V
app,1151700,DayZ Livonia
app,900883,The Elder Scrolls IV: Oblivion® Game of the Year Edition Deluxe
app,2280,DOOM (1993)
app,2582660,And the Hero Was Never Seen Again
app,562810,MONOPOLY® PLUS
app,1895300,Shinobi Warfare
app,1786790,Magical Girl Celesphonia
app,2223240,Sword and Fairy 7 - Dreamlike World Expansion
app,509980,BIGFOOT
app,621830,WRC 7 FIA World Rally Championship
app,777130,Blush Blush
app,1566690,Outpost: Infinity Siege
app,2349820,Hero's Land
app,1659040,HITMAN 3
app,1407200,World of Tanks
app,1466860,Age of Empires IV: Anniversary Edition
app,2273430,BlazBlue Entropy Effect
app,812140,Assassin's Creed® Odyssey
app,1551360,Forza Horizon 5
app,1284210,Guild Wars 2
app,985810,GrandChase
app,394360,Hearts of Iron IV
app,2700610,Assetto Corsa Competizione - 24H Nürburgring Pack
app,1244460,Jurassic World Evolution 2
app,2157560,Granblue Fantasy Versus: Rising
app,526870,Satisfactory
app,233860,Kenshi
app,2427700,Backpack Battles
app,105600,Terraria
app,2321470,Deep Rock Galactic: Survivor
app,2399830,ARK: Survival Ascended
app,1797880,Lost Light
app,2649240,FINAL FANTASY XIV: Dawntrail
app,1665460,eFootball™ 2024
app,756800,Contraband Police
app,1260320,Party Animals
app,1384160,GUILTY GEAR -STRIVE-
app,1017180,The Long Drive
app,1135690,Unpacking
app,774171,Muse Dash
app,601150,Devil May Cry 5
app,2357570,Overwatch® 2
app,1174180,Red Dead Redemption 2
app,1172620,Sea of Thieves: 2024 Edition
app,391220,Rise of the Tomb Raider™
app,1599600,PlateUp!
app,2495450,Winter Memories
app,1361210,"Warhammer 40,000: Darktide"
app,671860,BattleBit Remastered
app,1601580,Frostpunk 2
app,1274570,DEVOUR
app,393380,Squad
app,2338770,NBA 2K24
app,1145360,Hades
app,2700600,Assetto Corsa Competizione - GT2 Pack
app,493340,Planet Coaster
app,2741980,TEKKEN 8 - Deluxe Edition Upgrade Pack
app,799960,Wizard101
app,678950,DRAGON BALL FighterZ
app,12210,Grand Theft Auto IV: The Complete Edition
app,1549250,UNDECEMBER
app,784080,MechWarrior 5: Mercenaries
app,920210,LEGO® Star Wars™: The Skywalker Saga
app,1207650,Suzerain
app,1282100,HELLDIVERS™ 2 Super Citizen Edition
app,1774580,REMNANT II®
app,1649950,STAR WARS Jedi: Survivor™
app,824270,News Tower
app,1433140,KovaaK's
app,261550,The Texas Chain Saw Massacre
app,1959430,Mount &amp; Blade II: Bannerlord
app,1881420,Age of Empires IV:  The Sultans Ascend
app,2172860,Cardfight!! Vanguard Dear Days
app,637090,The Elder Scrolls Online: Necrom
app,2771110,BATTLETECH
app,352720,Palworld - Soundtrack
app,1874880,The Universim
app,1721470,Arma Reforger
app,813780,Poppy Playtime
app,438100,Age of Empires II: Definitive Edition
app,1928980,VRChat
app,2239150,Nightingale
app,1151640,Thronefall
app,534380,Horizon Zero Dawn™ Complete Edition
app,1451190,Undisputed
app,1962870,Wingspan: Oceania Expansion
app,874260,The Forgotten City
app,1277510,Re:ZERO -Starting Life in Another World- The Prophecy of the Throne
app,283940,Freddi Fish and the Case of the Missing Kelp Seeds
app,1643210,SCUM Supporter Pack 2
app,2022670,SONIC SUPERSTARS
app,943260,Stranded Sails - Explorers of the Cursed Islands
app,665300,Stream Avatars
app,682990,Drug Dealer Simulator
app,2701860,theHunter: Call of the Wild™ - High Caliber Weapon Pack
app,1866180,Hooked on You: A Dead by Daylight Dating Sim™
app,2147950,4D Golf
app,1438480,Saviorless
app,1267540,WRC 9 FIA World Rally Championship
app,1740900,Just Act Natural: Premium Version
app,1227700,Arma 3 Creator DLC: S.O.G. Prairie Fire
app,1138400,Overcooked! 2 - Carnival of Chaos
app,1644320,Railway Empire 2
app,2231410,Tom Clancy’s Ghost Recon® Breakpoint Year 1 Pass
app,1328350,Turbo Overkill
app,468920,Ultimate Fishing Simulator
app,8140,Tomb Raider: Underworld
app,368370,Her Story
app,1533420,Neon White
app,1677310,In Stars And Time
app,1584090,Monster Hunter World: Iceborne Master Edition
app,774801,Touhou Mystia's Izakaya
app,1677110,Crab Champions
app,1659420,Darkest Dungeon®: Ancestral Edition
app,1473350,Lightyear Frontier
app,1248130,UNCHARTED™: Legacy of Thieves Collection
app,204100,(the) Gnorp Apologue
app,292730,Farming Simulator 22
app,1238840,Max Payne 3
app,394510,Call of Duty®: Infinite Warfare
app,1948280,Battlefield™ 1
app,1062520,HELLDIVERS™ Dive Harder Edition
app,570940,Stacklands
app,965580,Dinkum
app,2138710,DARK SOULS™: REMASTERED
app,977950,Root
app,1971870,Sifu
app,1520470,A Dance of Fire and Ice
app,1092790,Mortal Kombat 1
app,1113000,Soul Dossier
app,1029690,Inscryption
app,675010,Backpack Battles + Brotato
app,911400,MudRunner
app,1124180,Assassin's Creed® III Remastered
app,939850,Rail Route
app,292140,Grand Theft Auto V: Premium Edition & Whale Shark Card Bundle
app,531130,The Dark Pictures Anthology: Man of Medan
app,363150,FINAL FANTASY® XIII-2
app,1960480,Euro Truck Simulator 2 - Vive la France !
app,1235720,Romance of the Three Kingdoms XIII
app,1299591,AutoForge
app,1259980,The Sims™ 4 Get Famous
app,645401,Total War: THREE KINGDOMS - The Furious Wild
app,2134770,RIDE 4
app,362890,Sid Meier's Civilization® VI: Khmer and Indonesia Civilization &amp; Scenario Pack
app,512035,SteamWorld Build
app,1205520,Black Mesa
app,2748320,Sid Meier's Civilization® VI: Persia and Macedon Civilization &amp; Scenario Pack
app,612880,Pentiment
app,1189100,Warframe: Gauss Prime Access - Accessories Pack
app,1284190,Wolfenstein II: The New Colossus
app,1637320,Rise Of The White Sun
app,2088570,The Planet Crafter
app,1540210,Dome Keeper
app,821090,Planet Coaster - Studios Pack
app,4570,"Warhammer® 40,000: Dawn of War® - Game of the Year Edition"
app,913740,WORLD OF HORROR
app,209160,Call of Duty®: Ghosts
app,1977570,A Dance of Fire and Ice - Neo Cosmos
app,1353270,Five Dates
app,1288320,Way of the Hunter
app,2523120,King of the Bridge
app,2137700,I'm on Observation Duty 6
app,1829980,Café Stella and the Reaper's Butterflies
app,223594,The Sims 3: Seasons
app,392470,NOBUNAGA'S AMBITION: Sphere of Influence
app,1265640,Conan Exiles - Architects of Argos Pack
app,378760,Pixel Starships
app,2377001,Golden Idol Mysteries: The Lemurian Vampire
app,383980,Rivals of Aether
app,2137370,Gas Station Simulator - Airstrip DLC
app,609320,FAR: Lone Sails
app,420560,Can't Put it Down Bundle
app,552700,Firefighting Simulator - The Squad
app,2254450,WORLD OF FINAL FANTASY®
app,1351080,Stranded: Alien Dawn Premium Edition
app,1361280,Left 4 Dead Bundle
app,1337760,Sid Meier's Civilization® VI: Babylon Pack
app,859580,Left 4 Dead Bundle
app,287980,Potion Permit
app,2342950,Mini Metro
app,544750,God Of Weapons
app,1262540,SOULCALIBUR VI
app,2399331,Need for Speed™
app,239160,Touhou Mystia's Izakaya DLC5 Pack - Makai &amp; Lunar Capital
app,2313541,Thief
app,1677740,Crusader Kings III: Wards &amp; Wardens
app,1544020,Stumble Guys
app,955900,The Callisto Protocol™
app,219740,Amazing Cultivation Simulator
app,1457320,Don't Starve
app,2165390,Techtonica
app,917950,Tales of Spark
app,335240,Vellum
app,1413480,Transformice
app,2744150,Shin Megami Tensei III Nocturne HD Remaster
app,2436570,Proud To Love
app,233450,DRAGON QUEST BUILDERS
app,418460,Skul: The Hero Slayer - Mythology Pack
app,2296990,Starship Troopers: Extermination
app,1552350,We Were Here Expeditions: The FriendShip
app,787480,Phoenix Wright: Ace Attorney Trilogy
app,1465360,SnowRunner
app,2066020,Soulstone Survivors
app,1846380,Need for Speed™ Unbound
app,367500,Dragon's Dogma: Dark Arisen
app,1190970,House Flipper 2
app,637650,FINAL FANTASY XV WINDOWS EDITION
app,1451940,NEEDY STREAMER OVERLOAD
app,2140330,Madden NFL 24
app,368500,Assassin's Creed® Syndicate
app,552500,Warhammer: Vermintide 2
app,1173820,FINAL FANTASY VI
app,1293830,Forza Horizon 4
app,851850,DRAGON BALL Z: KAKAROT
app,2533960,SUMMERHOUSE
app,2782850,City Bus Manager
app,24800,Command &amp; Conquer: Red Alert 3 - Uprising
app,924970,Back 4 Blood
app,269770,Secrets of Grindea
app,250900,The Binding of Isaac: Rebirth
app,368260,Marvel's Midnight Suns
app,2064650,Tower of Fantasy
app,874390,The Battle of Polytopia
app,252530,OMSI 2: Steam Edition
app,1593030,Terra Nil
app,2612950,Warm Snow - The End Of Karma
app,424840,Little Nightmares
app,2262080,Omega Crafter
app,1958220,WitchSpring R
app,2131680,METAL GEAR &amp; METAL GEAR 2: Solid Snake
app,601050,Attack on Titan 2 - A.O.T.2
app,8870,BioShock Infinite
app,2179850,BATTLETECH Season Pass Bundle
app,1149640,Cobalt Core
app,48700,RimWorld - Royalty
app,595520,Mount &amp; Blade: Warband
app,1154760,Barony: Legends &amp; Pariahs
app,209000,Total War: THREE KINGDOMS - Mandate of Heaven
app,1390410,Batman™: Arkham Origins
app,363090,Midnight Fight Express
app,1915380,NOBUNAGA'S AMBITION: Kakushin with Power Up Kit
app,1182900,Garden Life: A Cozy Simulator
app,1179890,Wandering Sword Deluxe Edition
app,307690,Pull Stay
app,573090,HARVESTELLA
app,2669360,ASTLIBRA Gaiden: The Cave of Phantom Mist
app,1668540,ASTLIBRA Gaiden: The Cave of Phantom Mist
app,1238440,Planet Zoo: South America Pack 
app,1556790,The Quarry
app,2393240,Isonzo
app,1236720,Darkest Dungeon® II: The Soundtrack
app,1330000,Spirit Island
app,1974050,Stolen Realm
app,2681820,Torchlight: Infinite
app,1567110,Planet Zoo: Southeast Asia Animal Pack
app,1614550,Planet Zoo: Southeast Asia Animal Pack
app,325610,Astro Colony
app,1262580,Total War: ATTILA
sub,1679,Need for Speed™ Payback
app,1928420,Oblivion Game of the Year Deluxe
app,2741560,Farlight 84
app,861650,City Bus Manager - E-Bus &amp; Green Energy
app,427730,Session: Skate Sim
app,1151170,Who's Your Daddy?!
app,1663080,Super Mecha Champions
app,1880360,Monster Hunter Rise: Sunbreak
app,848450,Subnautica: Below Zero
app,540710,Assetto Corsa - Porsche Pack II
app,1817490,Poppy Playtime - Chapter 2
app,895970,BlackShot: Mercenary Warfare
app,872410,ROMANCE OF THE THREE KINGDOMS XIV
app,1922560,Plants vs. Zombies™ Garden Warfare 2: Deluxe Edition
app,1609230,Scarlet Hollow
app,312520,Rain World
app,526060,Assetto Corsa - Porsche Pack I
app,1580780,[NINJA GAIDEN: Master Collection] NINJA GAIDEN Σ
app,2436600,Planet Zoo: Arid Animal Pack
app,269950,Baltic Bundle
app,1044720,X-Plane 11
app,371970,Assetto Corsa Competizione DLC Pack
app,1796220,Farthest Frontier
app,1672970,Laika: Aged Through Blood
app,214950,Planet Zoo: Premium Edition
app,2534090,Stellaris: Astral Planes
app,674940,Total War: ROME II - Emperor Edition
app,412020,Metro Exodus
app,491540,The Bus
app,939400,LoveChoice
app,2059190,Total War: WARHAMMER III - Forge of the Chaos Dwarfs
app,1388590,Yakuza 6: The Song of Life
app,22380,Fallout: New Vegas
app,1225570,Fallout: New Vegas
app,1245560,Unravel Two
app,1188930,Chrono Ark
app,1066890,Planet Zoo: Aquatic Pack
app,520950,DRIFT CE
app,213670,DRIFT CE
app,1962770,South Park™: The Stick of Truth™
app,202970,Nova Empire
app,447040,Call of Duty®: Black Ops II
app,1121560,Watch_Dogs® 2
app,527230,Atelier Ryza: Ever Darkness &amp; the Secret Hideout
app,1656330,For The King
app,361420,Destiny 2: The Witch Queen
app,1451090,ASTRONEER
app,1184370,Tactics Ogre: Reborn
app,678960,Pathfinder: Wrath of the Righteous - Enhanced Edition
app,673750,CODE VEIN
app,372000,Tree of Savior (English Ver.)
app,2369390,Far Cry® 6
app,12200,Bully: Scholarship Edition
app,221100,DayZ
app,1229490,ULTRAKILL
app,1214650,SOUTH PARK: SNOW DAY!
app,1147560,Skul: The Hero Slayer
app,975370,Dwarf Fortress
app,2318310,Class of '09: The Re-Up
app,1172380,STAR WARS Jedi: Fallen Order™
app,699130,World War Z
app,1955830,Touhou Hero of Ice Fairy
app,2140610,We Were Here Series
app,837470,Untitled Goose Game
app,1801110,BOKURA
app,1222700,A Way Out
app,1084600,My Time at Sandrock
app,1716740,Starfield
app,2487480,New World: Rise of the Angry Earth
app,1331550,Planet Zoo: Ultimate Edition
app,433340,Big Ambitions
app,1336490,Slime Rancher
app,1201360,Against the Storm
app,1259420,Assetto Corsa Competizione - Intercontinental GT Pack
app,1634860,Minishoot' Adventures
app,1089090,ONE PIECE: PIRATE WARRIORS 4
app,2661270,Grand Theft Auto V: Premium Edition
app,916440,Dead by Daylight - All Things Wicked Chapter
app,24810,Anno 1800
app,2190220,Command &amp; Conquer™ 3: Kane’s Wrath
app,775500,Touhou Danmaku Kagura Phantasia Lost
app,1469610,SCARLET NEXUS
app,268910,Last Train Home
app,620980,Cuphead
app,270880,Beat Saber
app,552520,American Truck Simulator
app,1888930,Far Cry® 5
app,9900,The Last of Us™ Part I
app,1568590,Star Trek Online
app,1929610,Goose Goose Duck
app,431730,Demonologist
app,627690,Aseprite
app,311210,Idle Champions of the Forgotten Realms
app,1954420,Call of Duty®: Black Ops III
app,766570,RiichiCity - ACG mahjong games
app,1007040,Russian Fishing 4
app,476600,EARTH DEFENSE FORCE 5
app,1270580,Mind Over Magic
app,457140,Oxygen Not Included
app,1401590,Disney Dreamlight Valley
app,594650,Hunt: Showdown
app,692890,Roboquest
app,2697890,Titan Revenge
app,1593500,God of War
app,4000,Garry's Mod
app,1844380,Warhammer Age of Sigmar: Realms of Ruin
app,1963570,Cuisineer
app,1817070,Marvel’s Spider-Man Remastered
app,242760,The Forest
app,1206560,WorldBox - God Simulator
app,493520,GTFO
app,323190,Frostpunk
app,641990,The Escapists 2
app,380600,Fishing Planet
app,1061910,Metal: Hellsinger
app,2678990,Minami Lane
app,2109300,Resident Evil 4 - Separate Ways
app,107410,Arma 3
app,1476970,IdleOn - The Idle MMO
app,1366540,Dyson Sphere Program
app,244850,Space Engineers
app,1240440,Halo Infinite
app,2646130,Homeworld 3
app,1235745,The Sims™ 4 Parenthood
app,2659900,Sixty Four
app,1240210,There Is No Game: Wrong Dimension
app,978780,STORY OF SEASONS: Friends of Mineral Town
app,22370,Fallout 3: Game of the Year Edition
app,2748300,Warframe: Gauss Prime Access - Prime Pack
app,1016920,Cyber Stealth Bundle
app,288470,Unrailed!
app,571740,Fable Anniversary
app,287290,Golf It!
app,282800,Resident Evil Revelations 2
app,1580240,100% Orange Juice
app,2014380,Rune Factory 4 Special
app,570660,LIVE A LIVE
app,459220,The Binding of Isaac: Afterbirth+
app,2230650,Halo Wars: Definitive Edition
app,1201270,TEVI
app,32470,A Space for the Unbound
app,1169040,STAR WARS™ Empire at War - Gold Pack
app,2662630,Blood of Steel
app,290470,Onigiri
app,2458940,Farm Keeper
app,1140001,Stellaris: Federations
app,201870,Bullet Hell Duo
app,1785150,Assassin's Creed® Revelations
sub,94174,Friends vs Friends
app,1071870,DARK SOULS III Deluxe Edition
app,1147010,Biped
app,1730250,Frostpunk: On The Edge
app,2593190,Pan'orama
app,1010821,Dragon's Dogma 2: Dragon's Dogma Music &amp; Sound Collection - Custom Sounds
app,960910,Total War: THREE KINGDOMS - Mandate of Heaven
app,2782160,Heavy Rain
app,710490,Granblue Fantasy: Relink - Emote Expansion Set: Let's Chat
app,1776380,Planet Coaster - Spooky Pack
app,2388460,STAR OCEAN THE DIVINE FORCE
app,1881200,Pathfinder: Gallowspire Survivors
app,1708010,TRYP FPV : The Drone Racer Simulator
app,201810,The Expanse: A Telltale Series
app,1157390,Wolfenstein: The New Order
app,679900,King Arthur: Knight's Tale
app,239120,Swords &amp; Souls: Neverseen
app,2176130,Final Fantasy III (3D Remake)
app,1281590,The Dark Pictures Anthology: House of Ashes
app,1749010,Royal Order
app,460920,Steep™
app,626600,Lost Dimension
app,2383430,theHunter: Call of the Wild™ - Emerald Coast Australia
app,2171630,Return from Core
app,894020,Death's Door
app,2272400,Station to Station
app,2181610,Heretic's Fork
app,302670,Call to Arms
app,1088290,Grim Dawn - Steam Loyalist Items Pack 2
app,369150,Cities: Skylines - After Dark
app,2412500,Train Sim World® 4: East Coast Main Line: Peterborough - Doncaster Route Add-On
app,211820,Starbound
app,1175210,Eternal Kingdom Battle Peak
app,751780,Forager
app,785740,This Is the Police 2
app,1424330,Wobbledogs
app,1645820,SurrounDead
app,2390150,BattleBit Remastered - Supporter Pack 1
app,702890,BlazBlue: Cross Tag Battle
app,1553000,War Hospital
app,1705820,MechWarrior 5: Mercenaries - Legend of the Kestrel Lancers
app,1314000,Achilles: Legends Untold
app,321800,Icewind Dale: Enhanced Edition
app,774361,Blasphemous
app,627270,Injustice™ 2
app,2060280,Lost Judgment - The Kaito Files Story Expansion
app,265930,Goat Simulator
app,2607060,From Glory To Goo
app,976590,Bus Simulator 21 Next Stop
app,238460,BattleBlock Theater®
app,1159690,Voidtrain
app,1257290,Atelier Ryza 2: Lost Legends &amp; the Secret Fairy
app,1999360,Placid Plastic Duck Simulator
app,599140,Graveyard Keeper
app,1702010,GT Racing Game Bundle
app,667970,Sengoku Dynasty
app,977880,VTOL VR
app,204360,Eastward
app,1449690,Castle Crashers®
app,1937500,The Walking Dead: The Telltale Definitive Series
app,1150530,Let's School
app,2357910,Wizard with a Gun
app,972660,Spiritfarer®: Farewell Edition
app,644930,They Are Billions
app,304930,Unturned
app,648410,Colony Ship: A Post-Earth Role Playing Game
app,994280,Gujian3(古剑奇谭三)
app,361280,Turmoil
app,282070,This War of Mine
app,921590,DISSIDIA FINAL FANTASY NT Free Edition
app,2497900,DON'T SCREAM
app,1181990,Batman - The Enemy Within Shadows Mode
app,1466060,Tainted Grail: The Fall of Avalon
app,212680,FTL: Faster Than Light
app,1280780,War on the Sea
app,1990860,SCUM: Danny Trejo Character Pack
app,1314563,Destiny 2: Beyond Light
app,2340500,Three Kingdoms: Innovatory
app,460790,Bayonetta
app,1670540,Total War: WARHAMMER III - Ogre Kingdoms
app,2447000,High On Life: High On Knife
sub,692569,Monster Hunter Rise + Sunbreak
app,1184140,KartRider: Drift
app,1222800,VALKYRIE CONNECT
app,1392960,STORY OF SEASONS: Pioneers of Olive Town
app,2096600,Crysis 2 Remastered
app,1868180,Etrian Odyssey HD
app,632300,Hobo: Tough Life
app,2140650,The Survivalists
app,1658040,I Am Future: Cozy Apocalypse Survival
app,2386310,Ultros
app,484900,Aven Colony
app,1602010,Stacklands Complete Bundle
app,1238000,Persona 4 Arena Ultimax
app,1215220,Mass Effect™: Andromeda Deluxe Edition
app,531131,嗜血印 Bloody Spell DLC 小鲤
app,2069310,Euro Truck Simulator 2 - Heavy Cargo Pack
app,2707940,RealFlight Evolution
app,2328320,FPV Kamikaze Drone
app,6060,The Outlast Trials - Reagent Starter Pack
app,829110,"STAR WARS™ Battlefront II (Classic, 2005)"
app,2458530,LEGO® DC Super-Villains
app,2236070,魔女的夜宴
app,1889490,Peaks of Yore
app,1018830,Stellaris: Overlord
app,1574580,Element TD 2 - Tower Defense
app,1000360,Strange Horticulture
app,2108630,Hellish Quart
app,569480,The Riftbreaker: Into The Dark
app,237310,Kingdoms and Castles
app,1259790,Elsword
app,1782120,Puyo Puyo™ Tetris® 2
app,220240,Far Cry 3
app,2239550,Watch Dogs®: Legion
app,1840440,新三國 漢室復興
app,890550,RUMBLE
app,2673490,Seifuku Kanojo
app,292990,NOBUNAGA'S AMBITION: Souzou
app,1429500,Frontier Hunter: Erza’s Wheel of Fortune
app,687800,Heads Will Roll: Reforged
app,1332720,Thief Simulator 2
app,1643310,Dungeons 4
app,1444480,Turing Complete
app,1292630,3on3 FreeStyle: Rebound
app,383120,Empyrion - Galactic Survival
app,728530,SD GUNDAM G GENERATION CROSS RAYS
app,1490890,Demon Slayer -Kimetsu no Yaiba- The Hinokami Chronicles
app,936790,Life is Strange: True Colors
app,763890,Wildermyth
app,1703340,The Stanley Parable: Ultra Deluxe
app,1696440,The Matchless Kungfu
app,1222690,Dragon Age™ Inquisition
app,1348390,I am an Air Traffic Controller 4
app,1088850,Marvel's Guardians of the Galaxy
app,613830,CHRONO TRIGGER®
app,1348661,Expansion - Hearts of Iron IV: No Step Back
app,2379780,Balatro
app,236390,War Thunder
app,413150,Stardew Valley
app,1973530,Limbus Company
app,2881650,Content Warning
app,1966720,Lethal Company
app,2420110,Horizon Forbidden West™ Complete Edition
app,1203220,NARAKA: BLADEPOINT
app,835570,Conqueror's Blade
app,1085660,Destiny 2
app,1203620,Enshrouded
app,582010,Monster Hunter: World
app,899770,Last Epoch
app,582660,Black Desert
app,1973710,ヘブンバーンズレッド
app,728880,Overcooked! 2
app,2161700,Persona 3 Reload
app,1449850,Yu-Gi-Oh! Master Duel
app,292030,The Witcher® 3: Wild Hunt
app,252490,Rust
app,244210,Assetto Corsa
app,1938090,Call of Duty®
app,1326470,Sons Of The Forest
app,2073850,THE FINALS
app,2315690,WWE 2K24
app,1221540,KUUKIYOMI: Consider It
app,2653790,The Exit 8
app,2218750,Halls of Torment
app,2478970,Tomb Raider I-III Remastered Starring Lara Croft
app,1097430,Book of Yog Idle RPG
app,2695150,Country Pack - Hearts of Iron IV: Trial of Allegiance
app,582160,Assassin's Creed® Origins
app,546560,Half-Life: Alyx
app,365590,Tom Clancy’s The Division™
app,1041320,Lords Mobile Godzilla Kong War
app,2793370,[Chilla's Art] Shinkansen 0 | 新幹線 0号
app,1543030,Sword and Fairy 7
app,1416230,Panzer Knights
app,633230,NARUTO TO BORUTO: SHINOBI STRIKER
app,2775840,Call of Duty®: Modern Warfare® III - Emerald Pro Pack
app,1473480,A.V.A Global
app,1649080,Two Point Campus
app,356190,Middle-earth™: Shadow of War™
app,2198510,New Cycle
app,1677280,Company of Heroes 3
app,1927720,Monument Valley: Panoramic Edition
app,16900,GROUND BRANCH
app,304212,Euro Truck Simulator 2 - Scandinavia
app,1122340,Chef Life: A Restaurant Simulator
app,470220,UNO
app,2311920,Crusader Kings III: Tours &amp; Tournaments
app,386940,Ultimate Chicken Horse
app,436150,Governor of Poker 3
app,1402110,Eternights
app,47700,Command &amp; Conquer™ 4 Tiberian Twilight
app,1966010,Jurassic World Evolution 2: Dominion Biosyn Expansion
app,2378900,The Coffin of Andy and Leyley
app,1295510,DRAGON QUEST® XI S: Echoes of an Elusive Age™ - Definitive Edition
app,1328670,Mass Effect™ Legendary Edition
app,500,Left 4 Dead
app,201270,Total War: SHOGUN 2
app,251570,7 Days to Die
app,1244090,Sea of Stars
app,768200,Smalland: Survive the Wilds
app,976310,Mortal Kombat 11
app,2421890,"Warhammer 40,000: Chaos Gate - Daemonhunters - Execution Force"
app,1927740,Monument Valley 2: Panoramic Edition
app,602960,Barotrauma
app,359870,FINAL FANTASY X/X-2 HD Remaster
app,314650,Command & Conquer™ The Ultimate Collection
app,2416900,Tomorrow's Love Puzzle
app,2168680,Age of Empires II: Definitive Edition - Victors and Vanquished
app,2805510,名利游戏
app,895870,STALCRAFT
app,1760250,Madden NFL 23
app,2009100,Immortals of Aveum™
app,1318690,shapez
app,1055430,Swords and Sandals Classic Collection
app,1022850,Dark Deception Complete
app,2441700,UNDERDOGS
app,2304640,Hidden Through Time 2: Myths &amp; Magic
app,1812620,DSX
app,1994370,The Leviathan's Fantasy
app,701160,Kingdom Two Crowns
app,225540,Just Cause™ 3
app,636480,Ravenfield
app,990630,The Last Campfire
app,1334040,Paper Dolls 2 纸人贰
app,1761620,Headbangers: Rhythm Royale
app,420110,NEKOPARA Vol. 2
app,985890,Streets of Rage 4
app,10090,Call of Duty: World at War
app,567640,Danganronpa V3: Killing Harmony
app,1599330,Wildmender
app,1383640,Attack at Dawn: North Africa
app,1815780,Asphalt 9: Legends
app,1497440,COCOON
app,382110,Virtual Desktop Classic
app,1468260,Leaf Blower Revolution - Idle Game
app,1238060,Dead Space™ 3
app,238320,Outlast
app,253230,A Hat in Time
app,440820,Stardew Valley Soundtrack
app,418810,Cold Darkness Awakened
app,2391960,Tales of Arise - Beyond the Dawn Expansion
app,2278850,Phantasy Star Online 2 New Genesis - [SALE] 2200AC Exchange Ticket
app,1067690,Battle Brothers - Warriors of the North
app,1426730,The Immortal Mayor
app,1933390,Rain World: Downpour
app,2244130,Ratopia
app,1243850,This Bed We Made
app,1580050,Dead Cells: The Queen and the Sea
app,1662210,Arms Trade Tycoon: Tanks
app,2015890,Cult of the Lamb Soundtrack
app,918570,Century: Age of Ashes
app,321960,Might &amp; Magic® Heroes® VII
app,329050,Devil May Cry 4 Special Edition
app,2097230,Turnip Boy Robs a Bank
app,239030,"Papers, Please"
app,268500,XCOM® 2
app,287700,METAL GEAR SOLID V: THE PHANTOM PAIN
app,1243830,Overcooked! All You Can Eat
app,488790,South Park™: The Fractured But Whole™
app,1358700,STRANGER OF PARADISE FINAL FANTASY ORIGIN
app,1875830,Shin Megami Tensei V: Vengeance
app,927380,Yakuza Kiwami 2
app,1066780,Transport Fever 2
app,1611600,WARNO
app,2080690,Sunkenland
app,1718570,ASTLIBRA Revision
app,1535560,Farmer Against Potatoes Idle
app,698670,Scorn
app,1893810,Solium Infernum
app,2075070,KinitoPET
app,613100,House Flipper
app,1325200,Nioh 2 – The Complete Edition
app,585420,Trailmakers
app,1057090,Ori and the Will of the Wisps
app,247080,Crypt of the NecroDancer
app,2484250,ASTRA: Knights of Veda
app,1127500,Mini Motorways
app,2375550,Like a Dragon Gaiden: The Man Who Erased His Name
app,1030840,Mafia: Definitive Edition
app,2340650,古龙风云录
app,1149620,Gas Station Simulator
app,1088710,Yakuza 3 Remastered
app,1164940,Trepang2
app,454650,DRAGON BALL XENOVERSE 2
app,1865970,Assetto Corsa Competizione - American Track Pack
app,322170,Geometry Dash
app,347990,Assetto Corsa - Dream Pack 1
app,1671200,Honkai Impact 3rd
app,1286680,Tiny Tina's Wonderlands
app,1105500,Yakuza 4 Remastered
app,2058190,Lost Judgment
app,22330,The Elder Scrolls IV: Oblivion® Game of the Year Edition
app,418370,Resident Evil 7 Biohazard
app,223850,3DMark
app,1105670,The Last Spell
app,376210,The Isle
app,1581770,SpellForce: Conquest of Eo
app,2384620,Out of the Park Baseball 25
app,278080,DYNASTY WARRIORS 8: Xtreme Legends Complete Edition
app,1359090,Zero Hour
app,1798010,Mega Man Battle Network Legacy Collection Vol. 1
app,780290,Gloomhaven
app,1054490,Wingspan
app,1388880,Battlebit & Operation: Harsh Doorstop
app,1842730,Doki Doki Literature Club Plus!
app,1726150,Nightmare: The Lunatic
app,638230,Planet Zoo: Europe Pack
app,2076010,Journey
app,1585220,UNDER NIGHT IN-BIRTH II Sys:Celes
app,1368910,Melatonin
app,434170,Tribes of Midgard - Deluxe Content
app,377840,The Jackbox Party Pack 3
app,24880,FINAL FANTASY IX
app,2479320,The Saboteur™
app,1747960,Planet Zoo: North America Animal Pack
app,551170,The Witcher Trilogy
app,1798020,Onmyoji
app,1173790,Mega Man Battle Network Legacy Collection Vol. 2
app,210770,FINAL FANTASY III
app,768830,Sanctum 2
app,2209650,Planet Coaster - Adventure Pack
app,1419170,American Truck Simulator - Oklahoma
app,1159090,My Singing Monsters
app,960990,Zoria: Age of Shattering
app,1648532,Beyond: Two Souls
app,1647550,Icarus: New Frontiers Expansion
app,550470,NEO: The World Ends with You
app,2253470,Pathfinder: Kingmaker - Imperial Edition Bundle
app,375450,NosTale - Anime MMORPG
app,2514960,Capoo Pals
app,2685430,NOBUNAGA'S AMBITION: Sphere of Influence - Ascension
app,593380,Refind Self: The Personality Test Game
app,265550,云岚九歌
app,1270540,XCOM 2: War of the Chosen
app,2194530,Dead Rising 3 Apocalypse Edition
app,2401850,Sid Meier's Civilization® VI: Ethiopia Pack
app,512900,Yog-Sothoth’s Yard
app,2384073,Age of Wonders 4: Primal Fury
app,949230,Cities: Skylines II
app,2519060,Call of Duty®: Modern Warfare® III
app,239140,Dying Light
app,1127700,Reverse Collapse: Code Name Bakery
app,291550,Brawlhalla
app,1817190,Marvel’s Spider-Man: Miles Morales
app,1324130,Stranded: Alien Dawn
app,294100,RimWorld
app,1001270,Kebab Chefs! - Restaurant Simulator
app,339610,Freestyle 2: Street Basketball
app,663090,Granado Espada
app,444200,World of Tanks Blitz
app,374320,DARK SOULS™ III
app,1629520,A Little to the Left
app,1364780,Street Fighter™ 6
app,1151340,Fallout 76
app,1509960,PICO PARK
app,1605220,Dune: Spice Wars
app,1432860,Sun Haven
app,427520,Factorio
app,266410,iRacing
app,1371580,Myth of Empires
app,1611910,"Warhammer 40,000: Chaos Gate - Daemonhunters"
app,1951230,Pizza Possum
app,461244,HOT WHEELS UNLEASHED™ 2 - Turbocharged
app,2358430,V Rising - Sinister Evolution Pack
app,2377000,Golden Idol Mysteries: The Spider of Lanka
app,429660,Tales of Berseria™
app,209650,Call of Duty®: Advanced Warfare - Gold Edition
app,2307471,DJMAX RESPECT V - V EXTENSION IV PACK
app,250300,F-15C for DCS World
app,1201240,BLEACH Brave Souls
app,383870,Firewatch
app,1584940,Lakeburg Legacies
app,1860510,Total Conflict: Resistance
app,2331540,Cult of the Lamb: Heretic Pack
app,614580,Cities: Skylines - Green Cities
app,418030,Subsistence
app,2419041,Spirit Island - Jagged Earth
app,1812370,Little Goody Two Shoes
app,1090850,DCS: F-16C Viper
app,1920780,Stray Gods: The Roleplaying Musical
app,1690710,Incremental Epic Hero 2
app,2258500,CRYMACHINA
app,532210,Life is Strange 2
app,2076580,Pepper Grinder
app,1967430,Ghost Trick: Phantom Detective
app,1307890,Kingdoms Reborn
app,2511500,Dominions 6 - Rise of the Pantokrator
app,2111630,JR EAST Train Simulator
app,1016950,Blood Bowl 3
app,243470,Watch_Dogs™
app,787810,Rogue Heroes: Ruins of Tasos
app,1216710,Cyber Manhunt
app,1877020,Jujutsu Kaisen Cursed Clash
app,2446110,Stacklands: Cursed Worlds
app,1118200,People Playground
app,1352080,Assetto Corsa Competizione + 2023 GT World Challenge Pack
app,2059170,SMASH LEGENDS
app,466170,Quasimorph
app,2281410,Idling to Rule the Gods
app,692850,River Town Factory
app,1124300,Bloodstained: Ritual of the Night
app,2201940,HUMANKIND™
app,1115690,Ship Graveyard Simulator 2
app,1683150,"Yes, Your Grace"
app,246620,Railroader
app,8930,Plague Inc: Evolved
app,56437,Sid Meier's Civilization® V
app,1775490,Slice &amp; Dice
app,1826140,RimWorld - Biotech
app,1049590,Eternal Return
app,594570,Total War: WARHAMMER II
app,1462040,FINAL FANTASY VII REMAKE INTERGRADE
app,2750080,The Settlers: New Allies
app,289070,Sid Meier’s Civilization® VI
app,1343400,RuneScape ®
app,1888160,ARMORED CORE™ VI FIRES OF RUBICON™
app,1687950,Persona 5 Royal
app,1962660,Call of Duty®: Modern Warfare® II
app,386360,SMITE®
app,218620,PAYDAY 2
app,2727450,Battlefield™ 2042 Season 7 Battle Pass Ultimate Pack
app,2477340,Expeditions: A MudRunner Game
app,814380,Sekiro™: Shadows Die Twice - GOTY Edition
app,1592500,FINAL FANTASY XIV: Endwalker
app,2366120,Build Master: MarsVille
app,960170,DJMAX RESPECT V
app,273110,Counter-Strike Nexon: Studio
app,223750,DCS World Steam Edition
app,580100,Darkest Dungeon®: The Crimson Court
app,1658150,Moonstone Island
app,1237950,STAR WARS™ Battlefront™ II
app,1746860,The Elder Scrolls V: Skyrim Anniversary Upgrade
app,553850,HELLDIVERS™ 2
app,730,Counter-Strike 2
app,1172470,Apex Legends™
app,2054970,Dragon's Dogma 2
app,1091500,Cyberpunk 2077
app,578080,PUBG: BATTLEGROUNDS
app,230410,Warframe
app,570,Dota 2
app,2195250,EA SPORTS FC™ 24
app,359550,Tom Clancy's Rainbow Six® Siege
app,1623730,Palworld
app,271590,Grand Theft Auto V
app,238960,Path of Exile
app,306130,The Elder Scrolls® Online
app,39210,FINAL FANTASY XIV Online
app,2138330,Cyberpunk 2077: Phantom Liberty
app,958260,DEAD OR ALIVE Xtreme Venus Vacation
app,881020,Granblue Fantasy: Relink
app,1778820,TEKKEN 8
app,805550,Assetto Corsa Competizione
app,2252570,Football Manager 2024
app,1245620,ELDEN RING
app,1086940,Baldur's Gate 3
app,2670630,Supermarket Simulator
app,381210,Dead by Daylight
app,1547000,Grand Theft Auto: San Andreas – The Definitive Edition
app,1971650,OCTOPATH TRAVELER II
app,641320,Cooking Simulator
app,1560250,Rising Front
app,1252680,SENTRY
app,1277400,Monster Hunter Stories 2: Wings of Ruin
app,431240,Golf With Your Friends
app,2058180,Judgment
app,1649010,Miasma Chronicles
app,250520,UnderRail
app,22320,The Elder Scrolls III: Morrowind® Game of the Year Edition
app,1455840,Dorfromantik
app,581320,Insurgency: Sandstorm
app,2292060,Spell Disk
app,1811990,Wildfrost
app,2610980,Jurassic World Evolution 2: Cretaceous Predator Pack
app,2305370,Eastward - Octopia
app,395180,Arma 3 Apex
app,680420,OUTRIDERS
app,863570,Super Seducer 2 - Advanced Seduction Tactics
app,1274600,The Last Faith
app,475150,Titan Quest Anniversary Edition
app,2682660,"Warhammer 40,000: Rogue Trader - Deluxe Pack"
app,1341200,DYNASTY WARRIORS 9 Empires
app,1561770,The Sims™ 4 Courtyard Oasis Kit
app,1090150,Destiny 2: Forsaken Pack
app,2479720,斗牌魂
app,2358260,Cricket 24
app,1942110,Bootstrap Island
app,2739600,剑气劫
app,2651740,SCUM Male Hair Pack
app,1594320,Captain of Industry
app,981430,Hidden Through Time - The Collection
app,995780,Gordian Quest
app,1955230,Planet Coaster - Magnificent Rides Collection
app,1271700,Penny’s Big Breakaway
app,1522820,Root: The Underworld Expansion
app,470310,Orcs Must Die! 3
app,848480,TROUBLESHOOTER: Abandoned Children
app,1810820,Etrian Odyssey III HD
app,357190,ULTIMATE MARVEL VS. CAPCOM 3
app,2252490,Metal: Hellsinger - Dream of the Beast
app,2616460,V Rising + DLC Bundle
app,1511460,Dungeon Keeper™ 2
app,1242980,InfraSpace
app,1668520,KeyWe
app,1932260,The Legend of Heroes: Trails to Azure
app,1949030,No Creeps Were Harmed TD
app,215080,Sherlock Holmes The Awakened
app,1483870,WAKFU
app,2560550,Draw &amp; Guess
app,1227690,"Tom Clancy's The Division 2 Art Deco Pack (2,000 Premium Credits + 1,000 Bonus Credits + Cosmetic)"
app,897670,Severed Steel
app,1504500,Grim Dawn - Forgotten Gods Expansion
app,589360,OPUS: Echo of Starsong - Full Bloom Edition
app,2022180,Ni no Kuni™ II: Revenant Kingdom
app,1163870,Miss Neko 3
app,453090,Mecha Knights: Nightmare
app,1162750,Parkitect
app,365960,Songs of Syx
app,1451460,rFactor 2
app,412830,Dead Cells: Fatal Falls
app,2223660,STEINS;GATE
app,553280,Stellaris: Utopia
app,622220,Fate/EXTELLA LINK
app,2058570,Rift Wizard 2
app,850320,PHOGS!
app,2844760,Granblue Fantasy Versus: Rising - Character Costume: Lady Serenity (Katalina)
app,1663220,Coffee Talk Episode 2: Hibiscus &amp; Butterfly
app,2259020,Cassette Beasts: Original Soundtrack
app,1262600,Need for Speed™ Rivals
app,228200,Company of Heroes
app,48190,Assassin’s Creed® Brotherhood
app,2218002,Destiny 2: Season of the Wish Silver Bundle
app,403640,Dishonored 2
app,891230,Planet Coaster - Vintage Pack
app,1282730,Loop Hero
app,715194,Sid Meier’s Civilization® VI Anthology
app,477740,Cities: Skylines - Industries
app,1017510,Zero Escape: The Nonary Games
app,2411980,Overcooked! 2 - Night of the Hangry Horde
app,1336322,AMEDAMA
app,544810,Jurassic World Evolution 2: Early Cretaceous Pack
app,1913370,KARDS - The WW2 Card Game
app,333640,OPERATOR
app,1351630,Caves of Qud
app,1811080,American Truck Simulator - Montana
app,1267910,Melvor Idle
app,1835240,Spiritfall
app,1128920,EVERSPACE™ 2
app,1013140,Outcast - A New Beginning
app,1343370,Old School RuneScape
app,1235722,The Sims™ 4 Discover University
app,559650,Witch It
app,2243710,Rune Factory 3 Special
app,2106840,PARANORMASIGHT: The Seven Mysteries of Honjo
app,373420,Divinity: Original Sin - Enhanced Edition
app,942970,Root Collector's Edition
app,363890,Unheard - Voices of Crime
app,363970,RPG Maker MV
app,702320,Clicker Heroes
app,1366800,March of Empires
app,1328660,Crosshair X
app,266840,Need for Speed™ Hot Pursuit Remastered
app,489630,Age of Mythology: Extended Edition
app,230290,"Warhammer 40,000: Gladius - Relics of War"
app,329970,Universe Sandbox
app,1579880,KeeperRL
app,2314000,Touhou Hero of Ice Fairy Adventure Bundle
app,1028310,Jurassic World Evolution 2: Feathered Species Pack
app,2692400,"Wartales, Pirates of Belerion"
app,952060,Resident Evil 3
app,1990110,SpellRogue
app,1199030,Tainted Grail: Conquest
app,400750,Call to Arms - Gates of Hell: Ostfront
app,1880650,Expansion - Hearts of Iron IV: By Blood Alone
app,933110,Age of Empires III: Definitive Edition
app,1482380,Maniac
app,632470,Disco Elysium - The Final Cut
app,1096900,RPG Maker MZ
app,200210,Realm of the Mad God Exalt
app,1557740,ROUNDS
app,1849250,EA SPORTS™ WRC
app,535930,Two Point Hospital
app,2671070,Crusader Kings III: Roads to Power
app,2782050,The Sims™ 4 For Rent Expansion Pack
app,1129580,MechWarrior 5: Mercenaries - Solaris Showdown
app,635260,Medieval Dynasty
app,2313540,CarX Drift Racing Online
app,531510,Crusader Kings III: Legacy of Persia
app,42700,Call of Duty®: Black Ops
app,744900,Dead Frontier 2
app,1026680,FINAL FANTASY VIII - REMASTERED
app,285900,Gang Beasts
app,1256670,Library Of Ruina
app,967050,Pacify
app,2052410,WITCH ON THE HOLY NIGHT
app,2150050,Planet Zoo: Twilight Pack
app,1488200,Symphony of War: The Nephilim Saga
app,1530160,Digimon World: Next Order
app,1682970,Uncrashed : FPV Drone Simulator
app,1519090,Welcome to ParadiZe
app,1337520,Risk of Rain Returns
app,1020790,NARUTO X BORUTO Ultimate Ninja STORM CONNECTIONS
app,1235721,The Sims™ 4 Cats &amp; Dogs
app,1432050,Nobody Saves the World
app,1496790,Gotham Knights
app,2524050,GGST Additional Character 12 - A.B.A
app,1372110,JoJo's Bizarre Adventure: All-Star Battle R
app,1012880,60 Seconds! Reatomized
app,645402,Sid Meier’s Civilization® VI: Rise and Fall
app,1843470,Dungeon Dreams 2
app,1003590,Tetris® Effect: Connected
app,1545560,Shadow Gambit: The Cursed Crew
app,1378290,The Citadel
app,2459750,Yohane the Parhelion - NUMAZU in the MIRAGE -
app,1996430,Dicefolk
app,2477660,Age of Empires III: Definitive Edition (Base Game)
app,814000,ONE PIECE ODYSSEY
app,2292260,STAR WARS™: Dark Forces Remaster
app,495420,Underrail Complete
app,2471100,State of Decay 2: Juggernaut Edition
app,2140020,Unnamed Space Idle
app,617290,Stronghold: Definitive Edition
app,1140620,Remnant: From the Ashes
app,312660,CosmicBreak Universal
app,1577120,Sniper Elite 4
app,1956800,Isonzo
app,1816300,Thriving City: Song
app,2707930,Stormworks: Build and Rescue
app,2459970,Call of Duty®: Modern Warfare® II - Gunslinger Ghost
app,392110,ENDLESS™ Space 2
app,1686940,Bopl Battle
app,2218400,Greedland
app,314160,Microsoft Flight Simulator X: Steam Edition
app,1238820,Battlefield 3™
app,2111170,STORY OF SEASONS: A Wonderful Life
app,2055050,Cavalry Girls
app,1161590,Punch Club 2: Fast Forward
app,1766060,HumanitZ
app,1954200,Kena: Bridge of Spirits
app,332950,Dark Deception
app,1159420,Robin Hood - Sherwood Builders
app,2614070,NUKITASHI 2
app,115300,Call of Duty®: Modern Warfare® 3 (2011)
app,598550,HUNTDOWN
app,1570010,FAR: Changing Tides
app,736260,Baba Is You
app,1235730,The Sims™ 4 Island Living
app,594330,Visage
app,1622100,Chronos series
app,1178490,Outer Wilds - Echoes of the Eye
app,868360,港詭實錄ParanormalHK
app,2277860,Stellaris: First Contact Story Pack
app,450540,"Hot Dogs, Horseshoes &amp; Hand Grenades"
app,1092880,Planet Coaster: Ghostbusters™
app,774181,Rhythm Doctor
app,527430,Metal: Hellsinger - Complete Edition
app,674140,"Warhammer 40,000: Inquisitor - Martyr"
app,1634040,Bugsnax
app,1882470,Dead by Daylight - Resident Evil Chapter
app,1623070,Jurassic World Evolution 2: Camp Cretaceous Dinosaur Pack
app,1280930,Master of Magic
app,1732190,Astral Ascent
app,747660,FATAL FRAME / PROJECT ZERO: Maiden of Black Water
app,1173800,Five Nights at Freddy's: Security Breach
app,438490,FINAL FANTASY IV
app,312750,GOD EATER 2 Rage Burst
app,1461810,Final Fantasy IV (3D Remake)
app,1740720,《蜀山：初章》买断版
app,200510,Have a Nice Death
app,1227650,XCOM: Enemy Unknown
app,298630,Bang-On Balls: Chronicles
app,1283410,The Escapists
app,703080,Planet Zoo
app,1997040,MARVEL SNAP
app,227300,Euro Truck Simulator 2
app,440,Team Fortress 2
app,2344520,Diablo® IV
app,739630,Phasmophobia
app,2484110,FINAL FANTASY VII EVER CRISIS
app,960090,Bloons TD 6
app,2167580,Summoners War: Chronicles
app,2594920,Atelier Resleriana: Forgotten Alchemy and the Polar Night Liberator
app,431960,Wallpaper Engine
app,2783760,Call of Duty®: Modern Warfare® III - BlackCell (Season 3)
app,2786680,"Knowledge, or know Lady"
app,2050650,Resident Evil 4
app,1250410,Microsoft Flight Simulator 40th Anniversary Edition
app,990080,Hogwarts Legacy
app,1962663,Call of Duty®: Warzone™
app,1118010,Monster Hunter World: Iceborne
app,2072450,Like a Dragon: Infinite Wealth
app,1222670,The Sims™ 4
app,1304930,The Outlast Trials
app,108600,Project Zomboid
app,1446780,MONSTER HUNTER RISE
app,275850,No Man's Sky
app,262060,Darkest Dungeon®
app,1296830,暖雪 Warm Snow
app,1321440,Cassette Beasts
app,892970,Valheim
app,290100,Bulwark: Falconeer Chronicles
app,2668080,Snowbreak: Containment Zone
app,945360,Among Us
app,611790,House Party
app,1235140,Assetto Corsa Ultimate Edition
app,2325830,Yakuza: Like a Dragon
app,993090,Total War: WARHAMMER III - Shadows of Change
app,782330,Lossless Scaling
app,2419810,DOOM Eternal
app,1202130,Escape Simulator: Magic DLC
app,47890,Starship Troopers: Terran Command
app,780310,The Sims™ 3
app,1443200,The Riftbreaker
app,2670930,Class of '09
app,1364210,Love Is All Around-Love In The Room
app,2598510,Deep Rock Galactic: Survivor - Supporter Pack
app,327030,Darkest Dungeon® II: The Binding Blade
app,1268750,Worms W.M.D
app,2310700,Shadow Corridor 2 雨ノ四葩
app,47894,The Sims&trade; 3 Late Night
app,2221920,Immortals Fenyx Rising
app,206480,Dungeons &amp; Dragons Online®
app,2334533,Just shoot
app,1535220,Persona 3 Reload - Persona 5 Royal Persona Set 2
app,1249040,CarX Drift Racing Online - Season Pass
app,1361320,American Arcadia
app,2544760,The Room 4: Old Sins
app,647830,Kuroinu 2 Redux
app,1063420,LEGO® Marvel Super Heroes 2
app,2291760,Void Crew
app,825630,Papa's Freezeria Deluxe
app,897450,STEINS;GATE 0
app,1884560,Harvest Moon: The Winds of Anthos
app,242550,Two Point Campus: Space Academy
app,345350,LIGHTNING RETURNS™: FINAL FANTASY® XIII
app,1102190,A Little to the Left Cupboards & Drawers DLC Bundle
app,1286320,Monster Train
app,1478300,Exoprimal
app,2529820,Sid Meier's Civilization® VI: Portugal Pack
app,1353230,Wedding Witch
app,1809700,Bomb Rush Cyberfunk
app,839770,Persona 3 Portable
app,1624540,Phoenix Point
app,411950,Storyteller
app,824550,DCS: F/A-18C
app,1990600,SD GUNDAM BATTLE ALLIANCE
app,640820,The Sims™ 4 Horse Ranch Expansion Pack
app,1455630,Pathfinder: Kingmaker - Enhanced Plus Edition
app,2614670,The Game of Life 2
app,1072040,The World's Egg - For Those Who Dream
app,814370,Panzer Corps 2
app,1097350,Monster Sanctuary
app,2230110,Weird West: Definitive Edition
app,1388850,Fae Farm
app,1985170,"Warhammer 40,000: Warpforge"
app,2250600,Disgaea 7: Vows of the Virtueless
app,2475420,Parking Tycoon: Business Simulator
app,387990,Scrap Mechanic
app,1874170,Shredders
app,2169090,Vampire Survivors Soundtrack
app,1049410,Superliminal
app,605740,"Flashing Lights - Police, Firefighting, Emergency Services (EMS) Simulator"
app,1146960,Frostpunk: The Last Autumn
app,1419850,Saleblazers
app,1636710,The Brew Barons
app,1302240,Labyrinthine
app,815460,Expansion - Hearts of Iron IV: Man the Guns
app,2856270,Pixel Gun 3D - RGB Hero Set DLC
app,718670,Cultist Simulator
app,1945340,Destiny 2: Lightfall
app,774461,The Jackbox Party Pack 5
app,304430,INSIDE
app,2666450,Goat Simulator 3 - Digital Downgrade
app,2447030,Planetiles
app,960690,One Step From Eden
app,655500,MX Bikes
app,2515990,Dead by Daylight - Alien Chapter Pack
app,1233260,FAIRY TAIL
app,642280,Grim Dawn - Ashes of Malmouth Expansion
app,1960110,Silent Hope
app,1430760,Aquarist
app,1613280,Forza Horizon 5: Hot Wheels
app,2535770,黄毛漂流记
app,1336321,Jurassic World Evolution 2: Deluxe Upgrade Pack
app,1438210,KovaaK's Tracking Trainer
app,311560,Assassin’s Creed® Rogue
app,2222570,The Division 2 - Warlords of New York - Expansion
app,387020,Brawlhalla - All Legends (Current and Future)
app,1209110,Total War: THREE KINGDOMS - A World Betrayed
app,653530,Return of the Obra Dinn
app,464350,Screeps: World
app,1009560,The Tenants
app,24780,SimCity™ 4 Deluxe Edition
app,2855410,Brawlhalla - Spring Esports 2024 Pack
app,547502,Cities: Skylines - Mass Transit
app,914800,Coffee Talk
app,948740,AI: The Somnium Files
app,2096610,Crysis 3 Remastered
app,1173770,FINAL FANTASY
app,1139900,Ghostrunner
app,2080800,Spirit Hunter: Death Mark II
app,1262240,Slime Rancher Rainbow Bundle
app,683320,Plants vs. Zombies: Battle for Neighborville™
app,2242760,GRIS
app,953660,The Escape: Together
app,2051120,Planet Coaster - World's Fair Pack
app,4700,Euro Truck Simulator 2 - Mighty Griffin Tuning Pack
app,1566880,Total War: MEDIEVAL II – Definitive Edition
app,1979540,SWORD ART ONLINE Last Recollection
app,2559270,Songs of Conquest - Supporter Pack
app,234140,Gym Simulator 24
app,1277930,Mad Max
app,1333200,Riddle Joker
app,2004210,Euro Truck Simulator 2 - West Balkans
app,495910,Dungeon Fighter Online
app,377160,Fallout 4
app,2362300,Train Sim World® 4
app,2766860,MY DESTINY GIRLS
app,2671060,Crusader Kings III: Legends of the Dead
app,2487060,Anonymous Hacker Simulator
app,1056640,Phantasy Star Online 2 New Genesis
app,1341290,We Were Here Forever
app,867210,Songs of Conquest
app,513710,SCUM
app,2497920,A Difficult Game About Climbing
app,99900,Spiral Knights
app,1286580,Ship of Fools
app,1217060,Gunfire Reborn
app,1227890,Summer Memories
app,1657630,Slime Rancher 2
app,2215430,Ghost of Tsushima DIRECTOR'S CUT
app,1426210,It Takes Two
app,2882070,Warframe: TennoCon 2024 Digital Pack
app,880940,Pummel Party
app,1258080,Shop Titans
app,2510720,Artifact Seeker
app,1621690,Core Keeper
app,1808680,Snufkin: Melody of Moominvalley
app,1333350,Angel Legion
app,2371630,Jurassic World Evolution 2: Dominion Bundle
app,593150,Sword Art Online: Integral Factor
app,231430,Ooblets
app,1816550,Company of Heroes 2
app,1999770,The Sims™ 4 High School Years Expansion Pack
app,947510,Atelier Ryza 3: Alchemist of the End &amp; the Secret Key
app,379720,Sid Meier's Civilization® VI: Gathering Storm
app,2488620,EVE Online
app,504230,F1® 24
app,427100,Celeste
app,1118012,Fernbus Simulator
app,1266840,Balkans Bundle
app,1588010,Monster Hunter World: Iceborne Deluxe Kit
app,1423330,The Last Stand: Aftermath
app,760060,PGA TOUR 2K23
app,1209460,Ancient Warfare: The Han Dynasty
app,579180,Mutant Year Zero: Road to Eden
app,2718190,Euro Truck Simulator 2 - Iberia
app,400,Portal
app,1938010,WILD HEARTS™
app,115320,Prototype 2
app,977400,Cell to Singularity - Evolution Never Ends
app,2023920,DYSCHRONIA: Chronos Alternate - Dual Edition
app,469600,Legion TD 2 - Multiplayer Tower Defense
app,1515210,The Past Within
app,1650010,RIDE 5
app,2313550,NecroDancer ULTIMATE PACK
app,2447590,DEAD OR ALIVE 5 Last Round: Core Fighters
app,1029780,Call to Arms - Gates of Hell: Liberation
app,261640,Borderlands: The Pre-Sequel
app,2687230,"Warhammer 40,000: Rogue Trader - Season Pass"
app,1368572,ARK Upgrade Bundle
app,646910,The Sims™ 4 Snowy Escape Expansion Pack
app,285310,The Crew™ 2
app,1265820,RollerCoaster Tycoon®: Deluxe
app,558244,Fights in Tight Spaces
app,1304680,Euro Truck Simulator 2 - Italia
app,1201230,Voidigo
app,2758000,Immortal Life
app,1338770,Nuclear Option
app,1222730,Sniper Ghost Warrior Contracts 2
app,2506160,STAR WARS™: Squadrons
app,1533390,Fears to Fathom - Ironbark Lookout
app,20900,Gorilla Tag
app,755500,The Witcher: Enhanced Edition Director's Cut
app,1046030,ONE PIECE World Seeker
app,2726890,ISLANDERS
app,1818450,Everything + OST
app,1096530,Solasta: Crown of the Magister
app,1755830,Astrea: Six-Sided Oracles
app,2102730,Dead by Daylight - Resident Evil: PROJECT W Chapter
app,1793170,Racine
app,638510,dotAGE
app,1158100,Expansion - Hearts of Iron IV: La Résistance
app,1468810,鬼谷八荒 Tale of Immortal
app,218230,Jurassic World Evolution 2: Feathered Species Pack
app,1119730,PlanetSide 2
app,736190,"Ranch Simulator - Build, Farm, Hunt"
app,1539140,Songs of Conquest - Supporter Bundle
app,1307550,Jurassic World Evolution 2: Premium Edition
app,871980,Chinese Parents
app,1345890,STONKS-9800: Stock Market Simulator
app,567380,Craftopia
app,872670,Digimon Survive
app,1494810,Deliver Us Mars
app,1840080,Heartbound
app,2696250,SCP: 5K
app,383150,Mortal Sin
app,2426960,Summoners War
app,242050,Assassin’s Creed® IV Black Flag™
app,346110,ARK: Survival Evolved
app,601510,Yu-Gi-Oh! Duel Links
app,1493640,Banishers: Ghosts of New Eden
app,2114740,Blasphemous 2
app,2014780,X-Plane 12
app,1063730,New World
app,1562430,DREDGE
app,2881150,ARK: Bob's Tall Tales
app,865360,We Were Here Together
app,638970,Yakuza 0
app,1989270,Slay the Princess
app,1761390,Hatsune Miku: Project DIVA Mega Mix+
app,1289670,EA Play
app,2336220,Feed the Cups
app,397540,Borderlands 3
app,1290000,PowerWash Simulator
app,286160,Tabletop Simulator
app,1238810,Battlefield™ V
app,767560,War Robots
app,779340,Total War: THREE KINGDOMS
app,1158160,Coral Island
app,1435790,Escape Simulator
app,1332010,Stray
app,367520,Hollow Knight
app,2399420,Le Mans Ultimate
app,518790,theHunter: Call of the Wild™
app,2778580,ELDEN RING Shadow of the Erdtree
app,1269020,No Plan B
app,2343790,A Little to the Left: Cupboards &amp; Drawers
app,2593750,Muse Dash - Muse Plus
app,677160,We Were Here Too
app,1390150,Summer Memories+ - Expansion DLC
app,1693980,Dead Space
app,2238900,STAR OCEAN THE SECOND STORY R
app,2118250,Kitchen Crisis
app,24010,Train Simulator Classic
app,1830970,The Last Flame
app,3590,Plants vs. Zombies GOTY Edition
app,1163550,Captain Tsubasa: Rise of New Champions
app,311690,Enter the Gungeon
app,1985810,Call of Duty®: Black Ops Cold War
app,2675740,Planet Zoo: Eurasia Animal Pack
app,753640,Outer Wilds
app,502500,ACE COMBAT™ 7: SKIES UNKNOWN
app,962130,Grounded
app,740130,Tales of Arise
app,1222140,Detroit: Become Human
app,1902690,Fate/Samurai Remnant
